005930,삼성전자
000660,SK하이닉스
068270,셀트리온
005380,현대차
005490,POSCO
207940,삼성바이오로직스
028260,삼성물산
051910,LG화학
105560,KB금융
015760,한국전력
012330,현대모비스
035420,NAVER
055550,신한지주
032830,삼성생명
034730,SK
051900,LG생활건강
096770,SK이노베이션
090430,아모레퍼시픽
017670,SK텔레콤
018260,삼성에스디에스
066570,LG전자
006400,삼성SDI
086790,하나금융지주
033780,KT&G
003550,LG
000270,기아차
011170,롯데케미칼
000810,삼성화재
010950,S-Oil
251270,넷마블
002790,아모레G
000030,우리은행
024110,기업은행
035720,카카오
009150,삼성전기
004020,현대제철
009540,현대중공업
010130,고려아연
034220,LG디스플레이
036570,엔씨소프트
000720,현대건설
139480,이마트
030200,KT
267250,현대중공업지주
004990,롯데지주
021240,코웨이
023530,롯데쇼핑
006800,미래에셋대우
018880,한온시스템
161390,한국타이어
035250,강원랜드
086280,현대글로비스
078930,GS
036460,한국가스공사
128940,한미약품
032640,LG유플러스
097950,CJ제일제당
071050,한국금융지주
088350,한화생명
271560,오리온
001040,CJ
010140,삼성중공업
008930,한미사이언스
008770,호텔신라
004800,효성
029780,삼성카드
009830,한화케미칼
005940,NH투자증권
004170,신세계
005830,DB손해보험
047810,한국항공우주
028050,삼성엔지니어링
002380,KCC
000120,CJ대한통운
010060,OCI
012750,에스원
003410,쌍용양회
012630,현대산업
138930,BNK금융지주
016360,삼성증권
001450,현대해상
006360,GS건설
011780,금호석유
282330,BGF리테일
003490,대한항공
047050,포스코대우
011070,LG이노텍
064350,현대로템
000210,대림산업
000880,한화
047040,대우건설
000100,유한양행
028670,팬오션
006260,LS
017800,현대엘리베이
007070,GS리테일
026960,동서
007310,오뚜기
006280,녹십자
008560,메리츠종금증권
009240,한샘
069960,현대백화점
010120,LS산전
000150,두산
030000,제일기획
042670,두산인프라코어
204320,만도
034020,두산중공업
069620,대웅제약
051600,한전KPS
010620,현대미포조선
004370,농심
005250,녹십자홀딩스
114090,GKL
000240,한국타이어월드와이드
120110,코오롱인더
192820,코스맥스
004000,롯데정밀화학
000670,영풍
006650,대한유화
079160,CJ CGV
003520,영진약품
161890,한국콜마
001800,오리온홀딩스
020150,일진머티리얼즈
009420,한올바이오파마
005440,현대그린푸드
012450,한화에어로스페이스
003240,태광산업
000080,하이트진로
011790,SKC
111770,영원무역
011210,현대위아
052690,한전기술
214320,이노션
057050,현대홈쇼핑
003000,부광약품
115390,락앤락
001740,SK네트웍스
003300,한일시멘트
005300,롯데칠성
069260,휴켐스
002350,넥센타이어
027410,BGF
103140,풍산
185750,종근당
001120,LG상사
285130,SK케미칼
005610,SPC삼립
000070,삼양홀딩스
014820,동원시스템즈
006840,AK홀딩스
001230,동국제강
073240,금호타이어
010780,아이에스동서
001430,세아베스틸
079550,LIG넥스원
145990,삼양사
049770,동원F&B
020000,한섬
001680,대상
093370,후성
170900,동아에스티
025860,남해화학
093050,LF
002270,롯데푸드
014680,한솔케미칼
192400,쿠쿠홀딩스
001060,JW중외제약
006120,SK디스커버리
007570,일양약품
005850,에스엘
000640,동아쏘시오홀딩스
108670,LG하우시스
105630,한세실업
003620,쌍용차
019680,대교
000990,DB하이텍
005180,빙그레
029530,신도리코
002240,고려제강
060980,한라홀딩스
003030,세아제강
001520,동양
014830,유니드
096760,JW홀딩스
025540,한국단자
064960,S&T모티브
004490,세방전지
079430,현대리바트
003920,남양유업
034120,SBS
036580,팜스코
033920,무학
009290,광동제약
003850,보령제약
002960,한국쉘석유
078520,에이블씨엔씨
008060,대덕전자
000050,경방
097230,한진중공업
